id_pergunta,eixo_pergunta,pergunta,nivel,tema,criterio,tipo
"10001","ambiental","Na empresa foi implementado sistema para medir e reportar os n�veis de emiss�es de GEE?",1,"Mudan�as Clim�ticas","Mitiga��o de emiss�es de gases de efeito estufa (GEE) - ITEM 7.1.1.1 da PR 2030","Pergunta"
"10002","ambiental","Na empresa foi elaborado invent�rio de emiss�es de gases de efeito estufa (GEE)?",2,"Mudan�as Clim�ticas","Mitiga��o de emiss�es de gases de efeito estufa (GEE) - ITEM 7.1.1.1 da PR 2030","Pergunta"
"10003","ambiental","Na empresa foi desenvolvido plano de mitiga��o das emiss�es com metas de redu��o, remo��o ou compensa��o?",3,"Mudan�as Clim�ticas","Mitiga��o de emiss�es de gases de efeito estufa (GEE) - ITEM 7.1.1.1 da PR 2030","Pergunta"
"10004","ambiental","A empresa participa em plataformas, campanhas e iniciativas para garantir padr�es e transpar�ncia no compromisso clim�tico?",4,"Mudan�as Clim�ticas","Mitiga��o de emiss�es de gases de efeito estufa (GEE) - ITEM 7.1.1.1 da PR 2030","Pergunta"
"10005","ambiental","A empresa divulga o invent�rio de emiss�es de GEE, o plano de mitiga��o e os resultados alcan�ados?",5,"Mudan�as Clim�ticas","Mitiga��o de emiss�es de gases de efeito estufa (GEE) - ITEM 7.1.1.1 da PR 2030","Pergunta"
"10006","ambiental","Na empresa foi formado um grupo de trabalho multidisciplinar para o plano de adapta��o as mudan�as clim�ticas?",1,"Mudan�as Clim�ticas","Adapta��o �s mudan�as clim�ticas - Item 7.1.1.2 da PR 2030","Pergunta"
"10007","ambiental","Foi identificado cen�rios de amea�a das mudan�as clim�ticas, riscos de impactos e oportunidades potenciais para a empresa?",2,"Mudan�as Clim�ticas","Adapta��o �s mudan�as clim�ticas - Item 7.1.1.2 da PR 2030","Pergunta"
"10008","ambiental","Foi desenvolvido pela empresa plano de adapta��o �s mudan�as clim�ticas com prioridade?",3,"Mudan�as Clim�ticas","Adapta��o �s mudan�as clim�ticas - Item 7.1.1.2 da PR 2030","Pergunta"
"10009","ambiental","Foi implementado pela empresa a��es de engajamento sobre as mudan�as clim�ticas com stakeholders internos e externos?",4,"Mudan�as Clim�ticas","Adapta��o �s mudan�as clim�ticas - Item 7.1.1.2 da PR 2030","Pergunta"
"10010","ambiental","A empresa comunicou a elabora��o do plano de adapta��o �s mudan�as clim�ticas e de seus resultados para p�blicos internos e externos?",5,"Mudan�as Clim�ticas","Adapta��o �s mudan�as clim�ticas - Item 7.1.1.2 da PR 2030","Pergunta"
"10011","ambiental","A empresa realizou diagn�stico e defini��o de metas de desempenho energ�tico com revis�es peri�dicas para avaliar o consumo de equipamentos e instala��es?",1,"Mudan�as Clim�ticas","Efici�ncia Energ�tica - ITEM 7.1.1.3 da PR 2030","Pergunta"
"10012","ambiental","A empresa utiliza fontes de energia renov�vel (pain�is solares, gest�o distribu�da, etc.)?",2,"Mudan�as Clim�ticas","Efici�ncia Energ�tica - ITEM 7.1.1.3 da PR 2030","Pergunta"
"10013","ambiental","A empresa prioriza aquisi��o de produtos com maior efici�ncia energ�tica (Selo Procel, Selo Conpet, Categoria A do Programa Brasileiro de Etiquetagem)?",3,"Mudan�as Clim�ticas","Efici�ncia Energ�tica - ITEM 7.1.1.3 da PR 2030","Pergunta"
"10014","ambiental","A empresa trocou l�mpadas incandescentes ou fluorescentes por l�mpadas LED e utiliza��o de sensores de presen�a?",4,"Mudan�as Clim�ticas","Efici�ncia Energ�tica - ITEM 7.1.1.3 da PR 2030","Pergunta"
"10015","ambiental","A empresa est� em conformidade com as normas ISO 50001 (gest�o de energia), incluindo a implementa��o de pr�ticas recomendadas para melhorar a efici�ncia energ�tica e reduzir o consumo de energia?",5,"Mudan�as Clim�ticas","Efici�ncia Energ�tica - ITEM 7.1.1.3 da PR 2030","Pergunta"
"10016","ambiental","A empresa aborda o requisito de uso da �gua de maneira superficial?",1,"Recursos H�dricos","USO DA �GUA - ITEM 7.1.2.1 DA PR 2030","Pergunta"
"10017","ambiental","A empresa monitora o consumo de �gua em suas atividades?",2,"Recursos H�dricos","USO DA �GUA - ITEM 7.1.2.1 DA PR 2030","Pergunta"
"10018","ambiental","A empresa monitora o consumo de �gua em suas atividades, estabelecendo indicadores, metas e planos de a��o para alcan�ar as metas de redu��o de consumo de �gua?",3,"Recursos H�dricos","USO DA �GUA - ITEM 7.1.2.1 DA PR 2030","Pergunta"
"10019","ambiental","A empresa monitora o consumo de �gua em suas atividades, estabelecendo indicadores, metas e planos de a��o para alcan�ar as metas de redu��o de consumo de �gua. Al�m disso, j� implementou projetos de reutiliza��o de �gua de reuso e aproveitamento de �gua da chuva. Os resultados desses projetos s�o divulgados publicamente, promovendo transpar�ncia e responsabilidade ambiental?",4,"Recursos H�dricos","USO DA �GUA - ITEM 7.1.2.1 DA PR 2030","Pergunta"
"10020","ambiental","A empresa monitora o consumo de �gua em suas atividades, estabelecendo indicadores, metas e planos de a��o para alcan�ar as metas de redu��o de consumo de �gua. Al�m disso, j� implementou projetos de reutiliza��o de �gua de reuso e aproveitamento de �gua da chuva, cujos resultados s�o divulgados publicamente. A empresa tamb�m realiza a��es voltadas para partes externas no contexto do uso da �gua, promovendo a conscientiza��o e a colabora��o para a gest�o sustent�vel dos recursos h�dricos?",5,"Recursos H�dricos","USO DA �GUA - ITEM 7.1.2.1 DA PR 2030","Pergunta"
"10021","ambiental","A empresa realiza a gest�o de efluentes conforme estabelecido pela legisla��o vigente. Al�m disso, adota pr�ticas avan�adas de tratamento e monitoramento para garantir a conformidade ambiental e minimizar o impacto sobre os recursos h�dricos?",1,"Recursos H�dricos","GEST�O DE EFLUENTES - ITEM 7.1.2.2 DA PR 2030","Pergunta"
"10022","ambiental","A empresa realiza a gest�o de efluentes conforme estabelecido pela legisla��o, implementando controles tradicionais para a conserva��o da �gua. Al�m disso, est� analisando a viabilidade de adotar m�todos alternativos de controle para melhorar ainda mais a efici�ncia e a sustentabilidade?",2,"Recursos H�dricos","GEST�O DE EFLUENTES - ITEM 7.1.2.2 DA PR 2030","Pergunta"
"10023","ambiental","A empresa realiza a gest�o de efluentes conforme a legisla��o vigente, monitorando as vaz�es e caracter�sticas dos efluentes gerados. Al�m disso, substituiu mat�rias-primas que poderiam causar impactos negativos ao meio ambiente, promovendo pr�ticas mais sustent�veis e respons�veis?",3,"Recursos H�dricos","GEST�O DE EFLUENTES - ITEM 7.1.2.2 DA PR 2030","Pergunta"
"10024","ambiental","A empresa realiza a gest�o de efluentes conforme a legisla��o vigente, monitorando as vaz�es e caracter�sticas dos efluentes gerados. Al�m disso, substituiu mat�rias-primas que poderiam causar impactos negativos ao meio ambiente e estabeleceu um plano com objetivos e metas para reduzir o volume de efluentes gerados?",4,"Recursos H�dricos","GEST�O DE EFLUENTES - ITEM 7.1.2.2 DA PR 2030","Pergunta"
"10025","ambiental","A empresa realiza a gest�o de efluentes conforme a legisla��o vigente, monitorando as vaz�es e caracter�sticas dos efluentes gerados. Al�m disso, substituiu mat�rias-primas que poderiam causar impactos negativos ao meio ambiente, estabeleceu um plano com objetivos e metas para reduzir o volume de efluentes gerados e implementou inova��es tecnol�gicas para atingir essas metas?",5,"Recursos H�dricos","GEST�O DE EFLUENTES - ITEM 7.1.2.2 DA PR 2030","Pergunta"
"10026","ambiental","A empresa limita suas a��es de conserva��o da biodiversidade e dos servi�os ecossist�micos ao cumprimento dos requisitos legais?",1,"Biodiversidade e servi�os ecossist�micos","CONSERVA��O E USO SUSTENT�VEL DA BIODIVERSIDADE - ITEM 7.1.3.1 DA PR 2030","Pergunta"
"10027","ambiental","A empresa adota pr�ticas dispersas e n�o integradas para a conserva��o da biodiversidade?",2,"Biodiversidade e servi�os ecossist�micos","CONSERVA��O E USO SUSTENT�VEL DA BIODIVERSIDADE - ITEM 7.1.3.1 DA PR 2030","Pergunta"
"10028","ambiental","A empresa incorpora a conserva��o e o uso sustent�vel da biodiversidade em suas pr�ticas gerenciais, implementando a��es integradas?",3,"Biodiversidade e servi�os ecossist�micos","CONSERVA��O E USO SUSTENT�VEL DA BIODIVERSIDADE - ITEM 7.1.3.1 DA PR 2030","Pergunta"
"10029","ambiental","A empresa integra a conserva��o e o uso sustent�vel da biodiversidade em sua estrat�gia de neg�cios. Al�m disso, adota pr�ticas inovadoras e colabora com stakeholders para promover a preserva��o dos recursos naturais, garantindo um impacto positivo no meio ambiente e na sociedade?",4,"Biodiversidade e servi�os ecossist�micos","CONSERVA��O E USO SUSTENT�VEL DA BIODIVERSIDADE - ITEM 7.1.3.1 DA PR 2030","Pergunta"
"10030","ambiental","A empresa valoriza a conserva��o e o uso sustent�vel da biodiversidade, tratando essa quest�o como uma prioridade em seu engajamento estruturado com todas as partes interessadas?",5,"Biodiversidade e servi�os ecossist�micos","CONSERVA��O E USO SUSTENT�VEL DA BIODIVERSIDADE - ITEM 7.1.3.1 DA PR 2030","Pergunta"
"10031","ambiental","A empresa limita as a��es de uso do solo ao estrito cumprimento dos requisitos legais?",1,"Biodiversidade e servi�os ecossist�micos","USO SUSTENT�VEL DO SOLO - ITEM 7.1.3.2 DA PR 2030","Pergunta"
"10032","ambiental","A empresa implementa diversas iniciativas voltadas para o uso sustent�vel do solo?",2,"Biodiversidade e servi�os ecossist�micos","USO SUSTENT�VEL DO SOLO - ITEM 7.1.3.2 DA PR 2030","Pergunta"
"10033","ambiental","A empresa incorpora pr�ticas de uso sustent�vel do solo no gerenciamento de seus processos?",3,"Biodiversidade e servi�os ecossist�micos","USO SUSTENT�VEL DO SOLO - ITEM 7.1.3.2 DA PR 2030","Pergunta"
"10034","ambiental","A empresa considera o uso sustent�vel do solo um aspecto estrat�gico fundamental para o neg�cio. Integrando essa pr�tica em sua estrat�gia corporativa, a empresa n�o apenas cumpre suas obriga��es legais, mas tamb�m adota medidas proativas para promover a conserva��o ambiental?",4,"Biodiversidade e servi�os ecossist�micos","USO SUSTENT�VEL DO SOLO - ITEM 7.1.3.2 DA PR 2030","Pergunta"
"10035","ambiental","A empresa incentiva ativamente o engajamento das partes interessadas em suas iniciativas de uso sustent�vel do solo?",5,"Biodiversidade e servi�os ecossist�micos","USO SUSTENT�VEL DO SOLO - ITEM 7.1.3.2 DA PR 2030","Pergunta"
"10036","ambiental","A empresa possui iniciativas iniciais relacionadas � economia circular?",1,"Economia circular e gest�o de res�duos","ECONOMIA CIRCULAR - ITEM 7.1.4.1 DA PR 2030","Pergunta"
"10037","ambiental","A empresa desenvolve seus produtos com uma abordagem focada na redu��o dos impactos ao longo de todo o ciclo de vida?",2,"Economia circular e gest�o de res�duos","ECONOMIA CIRCULAR - ITEM 7.1.4.1 DA PR 2030","Pergunta"
"10038","ambiental","A empresa considera a redu��o de impactos no ciclo de vida dos produtos, repensando o design e priorizando o uso de materiais reciclados?",3,"Economia circular e gest�o de res�duos","ECONOMIA CIRCULAR - ITEM 7.1.4.1 DA PR 2030","Pergunta"
"10039","ambiental","A empresa desenvolve seus produtos com uma abordagem focada na redu��o dos impactos ao longo de todo o ciclo de vida. Repensando o design dos produtos e priorizando a utiliza��o de materiais reciclados, a empresa busca minimizar os efeitos ambientais desde a concep��o at� o descarte. Al�m disso, a empresa estabeleceu indicadores e metas claras em dire��o � circularidade e adota medidas para a extens�o da vida �til dos produtos?",4,"Economia circular e gest�o de res�duos","ECONOMIA CIRCULAR - ITEM 7.1.4.1 DA PR 2030","Pergunta"
"10040","ambiental","A empresa desenvolve seus produtos com uma abordagem que visa reduzir os impactos ao longo de todo o ciclo de vida. Repensando o design e priorizando a utiliza��o de materiais reciclados, a empresa busca minimizar os efeitos ambientais desde a concep��o at� o descarte. Al�m disso, a empresa estabeleceu indicadores e metas claras para alcan�ar a circularidade e adota medidas para prolongar a vida �til dos produtos. Para fortalecer essa abordagem, a empresa mant�m parcerias estrat�gicas com outras ind�strias, promovendo a simbiose industrial e a troca de recursos e conhecimentos?",5,"Economia circular e gest�o de res�duos","ECONOMIA CIRCULAR - ITEM 7.1.4.1 DA PR 2030","Pergunta"
"10041","ambiental","A empresa realiza a classifica��o e quantifica��o dos res�duos conforme estabelecido na legisla��o vigente?",1,"Economia circular e gest�o de res�duos","GEST�O DE RES�DUOS - ITEM 7.1.4.2 DA PR 2030","Pergunta"
"10042","ambiental","A empresa realiza a classifica��o e quantifica��o dos res�duos conforme estabelecido na legisla��o vigente, segregando-os diretamente na fonte?",2,"Economia circular e gest�o de res�duos","GEST�O DE RES�DUOS - ITEM 7.1.4.2 DA PR 2030","Pergunta"
"10043","ambiental","A empresa realiza a classifica��o e quantifica��o dos res�duos conforme o sistema de gest�o de res�duos implementado?",3,"Economia circular e gest�o de res�duos","GEST�O DE RES�DUOS - ITEM 7.1.4.2 DA PR 2030","Pergunta"
"10044","ambiental","A empresa realiza a classifica��o e quantifica��o dos res�duos conforme o sistema de gest�o de res�duos implementado, adotando tamb�m pr�ticas de log�stica reversa?",4,"Economia circular e gest�o de res�duos","GEST�O DE RES�DUOS - ITEM 7.1.4.2 DA PR 2030","Pergunta"
"10045","ambiental","A empresa realiza a classifica��o e quantifica��o dos res�duos conforme o sistema de gest�o de res�duos implementado, adotando tamb�m pr�ticas de log�stica reversa. Al�m disso, a empresa avalia rigorosamente os terceiros envolvidos para garantir a destina��o correta dos res�duos?",5,"Economia circular e gest�o de res�duos","GEST�O DE RES�DUOS - ITEM 7.1.4.2 DA PR 2030","Pergunta"
"10046","ambiental","A empresa ainda n�o implementou um Sistema de Gest�o Ambiental (SGA), limitando-se ao cumprimento das exig�ncias legais ambientais?",1,"Gest�o ambiental e preven��o da polui��o","GEST�O AMBIENTAL - ITEM 7.1.5.1 DA PR 2030","Pergunta"
"10047","ambiental","A empresa deu in�cio ao processo de implementa��o do Sistema de Gest�o Ambiental (SGA), concluindo a fase de identifica��o de aspectos e an�lise de riscos?",2,"Gest�o ambiental e preven��o da polui��o","GEST�O AMBIENTAL - ITEM 7.1.5.1 DA PR 2030","Pergunta"
"10048","ambiental","A empresa estabeleceu controles operacionais rigorosos e realiza o monitoramento cont�nuo de seu desempenho ambiental?",3,"Gest�o ambiental e preven��o da polui��o","GEST�O AMBIENTAL - ITEM 7.1.5.1 DA PR 2030","Pergunta"
"10049","ambiental","A empresa promoveu a conscientiza��o de partes interessadas internas e externas sobre sua gest�o ambiental?",4,"Gest�o ambiental e preven��o da polui��o","GEST�O AMBIENTAL - ITEM 7.1.5.1 DA PR 2030","Pergunta"
"10050","ambiental","A empresa assumiu uma posi��o de lideran�a em seu setor de neg�cios, especialmente no que diz respeito � gest�o ambiental e � preven��o da polui��o. Al�m de se destacar pela excel�ncia em suas pr�ticas sustent�veis, a empresa implementa medidas inovadoras para minimizar os impactos ambientais de suas opera��es?",5,"Gest�o ambiental e preven��o da polui��o","GEST�O AMBIENTAL - ITEM 7.1.5.1 DA PR 2030","Pergunta"
"10051","ambiental","A empresa realiza o controle da polui��o sonora conforme estabelecido na legisla��o vigente?",1,"Gest�o ambiental e preven��o da polui��o","PREVEN��O DA POLUI��O SONORA (RU�DOS E VIBRA��ES) - ITEM 7.1.5.2 DA PR 2030","Pergunta"
"10052","ambiental","A empresa realiza o controle da polui��o sonora conforme estabelecido na legisla��o vigente, monitorando rigorosamente os n�veis de ru�dos e vibra��es?",2,"Gest�o ambiental e preven��o da polui��o","PREVEN��O DA POLUI��O SONORA (RU�DOS E VIBRA��ES) - ITEM 7.1.5.2 DA PR 2030","Pergunta"
"10053","ambiental","A empresa realiza o controle da polui��o sonora conforme estabelecido na legisla��o vigente, implementando medidas para substituir ou eliminar as fontes de risco?",3,"Gest�o ambiental e preven��o da polui��o","PREVEN��O DA POLUI��O SONORA (RU�DOS E VIBRA��ES) - ITEM 7.1.5.2 DA PR 2030","Pergunta"
"10054","ambiental","A empresa realiza o controle da polui��o sonora conforme estabelecido na legisla��o vigente, envolvendo ativamente partes interessadas externas, como a comunidade do entorno e a cadeia de valor?",4,"Gest�o ambiental e preven��o da polui��o","PREVEN��O DA POLUI��O SONORA (RU�DOS E VIBRA��ES) - ITEM 7.1.5.2 DA PR 2030","Pergunta"
"10055","ambiental","A empresa assume um papel de lideran�a em seu setor de neg�cios, participando ativamente de f�runs sobre polui��o sonora?",5,"Gest�o ambiental e preven��o da polui��o","PREVEN��O DA POLUI��O SONORA (RU�DOS E VIBRA��ES) - ITEM 7.1.5.2 DA PR 2030","Pergunta"
"10056","ambiental","A empresa realiza a gest�o da qualidade do ar em conformidade com as normas estabelecidas na legisla��o vigente?",1,"Gest�o ambiental e preven��o da polui��o","QUALIDADE DO AR (EMISS�ES DE POLUENTES) - ITEM 7.1.5.3 DA PR 2030","Pergunta"
"10057","ambiental","A empresa realiza a gest�o da qualidade do ar em conformidade com as normas estabelecidas na legisla��o vigente, monitorando rigorosamente as emiss�es?",2,"Gest�o ambiental e preven��o da polui��o","QUALIDADE DO AR (EMISS�ES DE POLUENTES) - ITEM 7.1.5.3 DA PR 2030","Pergunta"
"10058","ambiental","A empresa realiza a gest�o da qualidade do ar em conformidade com as normas estabelecidas na legisla��o vigente, implementando medidas que visam substituir ou eliminar as fontes de emiss�o de poluentes?",3,"Gest�o ambiental e preven��o da polui��o","QUALIDADE DO AR (EMISS�ES DE POLUENTES) - ITEM 7.1.5.3 DA PR 2030","Pergunta"
"10059","ambiental","A empresa realiza a gest�o da qualidade do ar em conformidade com as normas estabelecidas na legisla��o vigente, envolvendo partes interessadas externas, como a comunidade do entorno e a cadeia de valor?",4,"Gest�o ambiental e preven��o da polui��o","QUALIDADE DO AR (EMISS�ES DE POLUENTES) - ITEM 7.1.5.3 DA PR 2030","Pergunta"
"10060","ambiental","A empresa assume um papel de lideran�a em seu setor de neg�cios, participando ativamente de f�runs sobre gest�o da qualidade do ar?",5,"Gest�o ambiental e preven��o da polui��o","QUALIDADE DO AR (EMISS�ES DE POLUENTES) - ITEM 7.1.5.3 DA PR 2030","Pergunta"
"10061","ambiental","A empresa realiza o gerenciamento de �reas contaminadas em conformidade com as normas estabelecidas na legisla��o vigente?",1,"Gest�o ambiental e preven��o da polui��o","GERENCIAMENTO DE �REAS CONTAMINADAS - ITEM 7.1.5.4 DA PR 2030","Pergunta"
"10062","ambiental","A empresa realiza o gerenciamento de �reas contaminadas em conformidade com as normas estabelecidas na legisla��o vigente, monitorando rigorosamente o solo e as �guas subterr�neas?",2,"Gest�o ambiental e preven��o da polui��o","GERENCIAMENTO DE �REAS CONTAMINADAS - ITEM 7.1.5.4 DA PR 2030","Pergunta"
"10063","ambiental","A empresa realiza o gerenciamento de �reas contaminadas em conformidade com as normas estabelecidas na legisla��o vigente, implementando medidas que visam substituir ou eliminar as fontes de emiss�o de poluentes?",3,"Gest�o ambiental e preven��o da polui��o","GERENCIAMENTO DE �REAS CONTAMINADAS - ITEM 7.1.5.4 DA PR 2030","Pergunta"
"10064","ambiental","A empresa realiza o gerenciamento de �reas contaminadas em conformidade com as normas estabelecidas na legisla��o vigente, envolvendo partes interessadas externas, como a comunidade do entorno e a cadeia de valor?",4,"Gest�o ambiental e preven��o da polui��o","GERENCIAMENTO DE �REAS CONTAMINADAS - ITEM 7.1.5.4 DA PR 2030","Pergunta"
"10065","ambiental","A empresa assume um papel de lideran�a em seu setor de neg�cios, participando ativamente de f�runs sobre gerenciamento de �reas contaminadas. Al�m disso, ela apresenta ideias e a��es inovadoras que visam n�o apenas a melhoria de seu desempenho, mas tamb�m a promo��o de pr�ticas sustent�veis e a conscientiza��o sobre os impactos ambientais?",5,"Gest�o ambiental e preven��o da polui��o","GERENCIAMENTO DE �REAS CONTAMINADAS - ITEM 7.1.5.4 DA PR 2030","Pergunta"
"10066","ambiental","A empresa realiza o gerenciamento de produtos perigosos em conformidade com as normas estabelecidas na legisla��o vigente?",1,"Gest�o ambiental e preven��o da polui��o","PRODUTOS PERIGOSOS - ITEM 7.1.5.5 DA PR 2030","Pergunta"
"10067","ambiental","A empresa realiza o gerenciamento de produtos perigosos em conformidade com as normas estabelecidas na legisla��o vigente, tomando a��es que diminuem os riscos relacionados ao uso desses produtos. Al�m disso, ela adota pr�ticas avan�adas para o armazenamento, manuseio e descarte seguro, utilizando tecnologias de ponta para minimizar os impactos ambientais e � sa�de?",2,"Gest�o ambiental e preven��o da polui��o","PRODUTOS PERIGOSOS - ITEM 7.1.5.5 DA PR 2030","Pergunta"
"10068","ambiental","A empresa realiza o gerenciamento de produtos perigosos em conformidade com as normas estabelecidas na legisla��o vigente, implementando medidas que visam substituir ou eliminar as fontes de riscos associados a esses produtos?",3,"Gest�o ambiental e preven��o da polui��o","PRODUTOS PERIGOSOS - ITEM 7.1.5.5 DA PR 2030","Pergunta"
"10069","ambiental","A empresa realiza o gerenciamento de produtos perigosos em conformidade com as normas estabelecidas na legisla��o vigente, envolvendo partes interessadas externas, como a comunidade do entorno e a cadeia de valor?",4,"Gest�o ambiental e preven��o da polui��o","PRODUTOS PERIGOSOS - ITEM 7.1.5.5 DA PR 2030","Pergunta"
"10070","ambiental","A empresa assume um papel de lideran�a em seu setor de neg�cios, participando ativamente de f�runs sobre produtos perigosos. Al�m disso, ela apresenta ideias e a��es inovadoras que visam n�o apenas a melhoria de seu desempenho, mas tamb�m a promo��o de pr�ticas seguras e sustent�veis?",5,"Gest�o ambiental e preven��o da polui��o","PRODUTOS PERIGOSOS - ITEM 7.1.5.5 DA PR 2030","Pergunta"
"10071","ambiental","Qual o consumo mÃ©dio de Ã¡gua (mÂ³/mÃªs):",1,"ambiental","Indicador Ambiental","Indicador"
"10072","ambiental","Consumo mÃ©dio de energia elÃ©trica (mWh/mÃªs):",2,"ambiental","Indicador Ambiental","Indicador"
"10073","ambiental","EmissÃµes diretas e indiretas mÃ©dia de GEE (toneladas/mÃªs):",3,"ambiental","Indicador Ambiental","Indicador"
"10074","ambiental","Reciclagem mÃ©dio de resÃ­duos por mÃªs (%)",4,"ambiental","Indicador Ambiental","Indicador"
"20001","governanca","A constitui��o da empresa legalmente envolveu a elabora��o e registro de documentos essenciais, como o contrato social, o estatuto social e os acordos entre os s�cios ou acionistas?",1,"Governan�a Corporativa","Estrutura e composi��o da governan�a - ITEM 7.3.1.1 DA PR 2030","Pergunta"
"20002","governanca","O estatuto ou contrato social da empresa possui diretrizes claras para resolu��o de conflitos entre s�cios?",2,"Governan�a Corporativa","Estrutura e composi��o da governan�a - ITEM 7.3.1.1 DA PR 2030","Pergunta"
"20003","governanca","A empresa implementa pr�ticas recomendadas por normas internacionais, normas nacionais ou diretrizes de organiza��es como o Instituto Brasileiro de Governan�a Corporativa (IBGC)?",3,"Governan�a Corporativa","Estrutura e composi��o da governan�a - ITEM 7.3.1.1 DA PR 2030","Pergunta"
"20004","governanca","A empresa possui defini��o de pol�ticas de sele��o e remunera��o para a diretoria e o conselho da empresa?",4,"Governan�a Corporativa","Estrutura e composi��o da governan�a - ITEM 7.3.1.1 DA PR 2030","Pergunta"
"20005","governanca","A empresa estabelece diretrizes claras de governan�a e compliance para a diretoria e o conselho da empresa?",5,"Governan�a Corporativa","Estrutura e composi��o da governan�a- ITEM 7.3.1.1 DA PR 2030","Pergunta"
"20006","governanca","A empresa criou um comit� ESG alinhado � estrat�gia da empresa, integrando miss�o, vis�o, valores e pol�ticas corporativas?",1,"Governan�a Corporativa","Prop�sito e estrat�gia em rela��o � sustentabilidade - ITEM 7.3.1.2 DA PR 2030","Pergunta"
"20007","governanca","A empresa realiza o alinhamento do planejamento de a��es ESG com a estrat�gia da empresa, integrando miss�o, vis�o, valores e pol�ticas corporativas?",2,"Governan�a Corporativa","Prop�sito e estrat�gia em rela��o � sustentabilidade - ITEM 7.3.1.2 DA PR 2030","Pergunta"
"20008","governanca","A empresa possui defini��o de objetivos, metas, indicadores e a��es ESG como parte integrante da estrat�gia principal da empresa?",3,"Governan�a Corporativa","Prop�sito e estrat�gia em rela��o � sustentabilidade - ITEM 7.3.1.2 DA PR 2030","Pergunta"
"20009","governanca","A empresa possui ades�o ao Pacto Global, incorporando os princ�pios universais na gest�o empresarial?",4,"Governan�a Corporativa","Prop�sito e estrat�gia em rela��o � sustentabilidade - ITEM 7.3.1.2 DA PR 2030","Pergunta"
"20010","governanca","A empresa adota os Objetivos de Desenvolvimento Sustent�vel (ODS) e da Agenda 2030 como refer�ncia para identificar aspectos relevantes e temas materiais da empresa?",5,"Governan�a Corporativa","Prop�sito e estrat�gia em rela��o � sustentabilidade - ITEM 7.3.1.2 DA PR 2030","Pergunta"
"20011","governanca","A empresa criou um c�digo de conduta que reflita a cultura de integridade e transpar�ncia da empresa?",1,"Conduta empresarial","Compliance, programa de integridade e pr�ticas anticorrup��o - ITEM 7.3.2.1 DA PR 2030","Pergunta"
"20012","governanca","A empresa estabeleceu um comit� ou �rea de compliance na empresa, com a designa��o de um respons�vel que possua independ�ncia e acesso a todas as �reas da empresa?",2,"Conduta empresarial","Compliance, programa de integridade e pr�ticas anticorrup��o - ITEM 7.3.2.1 DA PR 2030","Pergunta"
"20013","governanca","A empresa realiza o monitoramento cont�nuo e adequa��o �s obriga��es legais e de compliance decorrentes de suas atividades?",3,"Conduta empresarial","Compliance, programa de integridade e pr�ticas anticorrup��o - ITEM 7.3.2.1 DA PR 2030","Pergunta"
"20014","governanca","A empresa implementou um sistema de gest�o de den�ncias acess�vel para colaboradores e terceiros?",4,"Conduta empresarial","Compliance, programa de integridade e pr�ticas anticorrup��o - ITEM 7.3.2.1 DA PR 2030","Pergunta"
"20015","governanca","A empresa realiza condu��o de due diligence na contrata��o e promo��o de colaboradores, assegurando transpar�ncia e uma equipe alinhada com a cultura da organiza��o?",5,"Conduta empresarial","Compliance, programa de integridade e pr�ticas anticorrup��o - ITEM 7.3.2.1 DA PR 2030","Pergunta"
"20016","governanca","A empresa aborda o requisito de pr�ticas de combate � concorr�ncia desleal (antitruste) de forma inicial, sem planos para desenvolver e implementar pol�ticas mais robustas no futuro?",1,"Conduta empresarial","Pr�ticas de combate � concorr�ncia desleal (antitruste) - ITEM 7.3.2.2 DA PR 2030","Pergunta"
"20017","governanca","A empresa realiza um mapeamento detalhado dos principais concorrentes com o objetivo de monitorar potenciais atividades de carteliza��o?",2,"Conduta empresarial","Pr�ticas de combate � concorr�ncia desleal (antitruste) - ITEM 7.3.2.2 DA PR 2030","Pergunta"
"20018","governanca","A empresa realiza um mapeamento detalhado dos principais concorrentes com o objetivo de monitorar potenciais atividades de carteliza��o e estabeleceu uma pol�tica rigorosa de combate a pr�ticas anticoncorrenciais e de defini��o de pre�os de produtos?",3,"Conduta empresarial","Pr�ticas de combate � concorr�ncia desleal (antitruste) - ITEM 7.3.2.2 DA PR 2030","Pergunta"
"20019","governanca","A empresa realiza um mapeamento detalhado dos principais concorrentes com o objetivo de monitorar potenciais atividades de carteliza��o e estabeleceu uma pol�tica rigorosa de combate a pr�ticas anticoncorrenciais e de defini��o de pre�os de produtos. Este processo inclui a an�lise de padr�es de pre�os, volumes de produ��o, distribui��o de mercado e outras pr�ticas comerciais que possam indicar a forma��o de cart�is. Al�m disso, a empresa mant�m uma vigil�ncia constante sobre relat�rios de mercado e comunica��es p�blicas dos concorrentes para identificar quaisquer sinais de colus�o ou comportamentos anticompetitivos. A empresa adota medidas robustas para evitar o vazamento de informa��es privilegiadas, garantindo que dados sens�veis sejam protegidos e manipulados de acordo com as melhores pr�ticas de seguran�a da informa��o?",4,"Conduta empresarial","Pr�ticas de combate � concorr�ncia desleal (antitruste) - ITEM 7.3.2.2 DA PR 2030","Pergunta"
"20020","governanca","A empresa realiza um mapeamento detalhado dos principais concorrentes com o objetivo de monitorar potenciais atividades de carteliza��o e estabeleceu uma pol�tica rigorosa de combate a pr�ticas anticoncorrenciais e de defini��o de pre�os de produtos. Este processo inclui a an�lise de padr�es de pre�os, volumes de produ��o, distribui��o de mercado e outras pr�ticas comerciais que possam indicar a forma��o de cart�is. Al�m disso, a empresa adota medidas robustas para evitar o vazamento de informa��es privilegiadas, garantindo que dados sens�veis sejam protegidos e manipulados de acordo com as melhores pr�ticas de seguran�a da informa��o. Adicionalmente, a empresa classifica a cadeia de fornecimento com base no risco de escassez, visando identificar e mitigar quaisquer vulnerabilidades que possam levar a pr�ticas anticoncorrenciais?",5,"Conduta empresarial","Pr�ticas de combate � concorr�ncia desleal (antitruste) - ITEM 7.3.2.2 DA PR 2030","Pergunta"
"20021","governanca","A empresa identifica as partes interessadas de forma n�o estruturada para engajamento?",1,"Conduta empresarial","Engajamento com as partes interessadas - ITEM 7.3.2.3 DA PR 2030","Pergunta"
"20022","governanca","A empresa identifica as partes interessadas para engajamento por meio de uma an�lise cuidadosa e criteriosa, utilizando diversas metodologias e ferramentas?",2,"Conduta empresarial","Engajamento com as partes interessadas - ITEM 7.3.2.3 DA PR 2030","Pergunta"
"20023","governanca","A empresa identifica as partes interessadas para engajamento, determinando os requisitos pertinentes de forma detalhada e sistem�tica?",3,"Conduta empresarial","Engajamento com as partes interessadas - ITEM 7.3.2.3 DA PR 2030","Pergunta"
"20024","governanca","A empresa identifica as partes interessadas para engajamento, determinando os requisitos pertinentes e monitorando a efetividade das a��es de forma cont�nua e sistem�tica?",4,"Conduta empresarial","Engajamento com as partes interessadas - ITEM 7.3.2.3 DA PR 2030","Pergunta"
"20025","governanca","A empresa identifica as partes interessadas para engajamento, determinando os requisitos pertinentes e monitorando a efetividade das a��es. Al�m disso, a empresa incentiva as partes interessadas a adotar boas pr�ticas de sustentabilidade, promovendo a conscientiza��o e oferecendo suporte para a implementa��o de iniciativas sustent�veis?",5,"Conduta empresarial","Engajamento com as partes interessadas - ITEM 7.3.2.3 DA PR 2030","Pergunta"
"20026","governanca","A empresa realiza a gest�o de riscos do neg�cio de forma b�sica?",1,"Pr�ticas de controle e gest�o","Gest�o de riscos do neg�cio - ITEM 7.3.3.1 DA PR 2030","Pergunta"
"20027","governanca","A empresa iniciou o processo de identifica��o dos riscos relacionados ao neg�cio, estabelecendo uma base fundamental para uma gest�o de riscos mais robusta?",2,"Pr�ticas de controle e gest�o","Gest�o de riscos do neg�cio - ITEM 7.3.3.1 DA PR 2030","Pergunta"
"20028","governanca","A empresa identificou os riscos relacionados ao neg�cio e realizou uma an�lise detalhada para sua prioriza��o?",3,"Pr�ticas de controle e gest�o","Gest�o de riscos do neg�cio - ITEM 7.3.3.1 DA PR 2030","Pergunta"
"20029","governanca","A empresa estabeleceu planos de a��o detalhados para a mitiga��o e minimiza��o dos riscos do neg�cio, visando aumentar sua resili�ncia e capacidade de resposta a amea�as potenciais?",4,"Pr�ticas de controle e gest�o","Gest�o de riscos do neg�cio - ITEM 7.3.3.1 DA PR 2030","Pergunta"
"20030","governanca","A empresa adota uma cultura de transpar�ncia em rela��o aos riscos do neg�cio, sempre que poss�vel, comunicando de forma clara e aberta as potenciais amea�as e as medidas tomadas para mitig�-las?",5,"Pr�ticas de controle e gest�o","Gest�o de riscos do neg�cio - ITEM 7.3.3.1 DA PR 2030","Pergunta"
"20031","governanca","A empresa possui controles internos b�sicos que visam assegurar a integridade e a efici�ncia de suas opera��es, apesar de ainda estarem em uma fase inicial de desenvolvimento?",1,"Pr�ticas de controle e gest�o","Controles internos - ITEM 7.3.3.2 DA PR 2030","Pergunta"
"20032","governanca","A empresa possui controles internos sistem�ticos que s�o essenciais para garantir a integridade, efici�ncia e conformidade de suas opera��es?",2,"Pr�ticas de controle e gest�o","Controles internos - ITEM 7.3.3.2 DA PR 2030","Pergunta"
"20033","governanca","A empresa possui um sistema de controles internos robusto que permite monitorar indicadores-chave de desempenho para comprovar a melhoria cont�nua, baseado em uma abordagem de gest�o de riscos?",3,"Pr�ticas de controle e gest�o","Controles internos - ITEM 7.3.3.2 DA PR 2030","Pergunta"
"20034","governanca","A empresa possui um sistema de controles internos que permite monitorar indicadores-chave de desempenho para comprovar a melhoria cont�nua, baseado em gest�o de riscos e na ado��o de a��es preventivas?",4,"Pr�ticas de controle e gest�o","Controles internos - ITEM 7.3.3.2 DA PR 2030","Pergunta"
"20035","governanca","A empresa possui um sistema de controles internos que permite monitorar indicadores-chave de desempenho para comprovar a melhoria cont�nua, baseado em gest�o de riscos e na ado��o de a��es preventivas na presta��o de contas ao �rg�o de governan�a?",5,"Pr�ticas de controle e gest�o","Controles internos - ITEM 7.3.3.2 DA PR 2030","Pergunta"
"20036","governanca","A empresa realiza auditorias b�sicas de ESG (Ambiental, Social e Governan�a), que fornecem uma vis�o geral das pr�ticas e pol�ticas nas �reas relacionadas?",1,"Pr�ticas de controle e gest�o","Auditorias interna e externa - ITEM 7.3.3.3 DA PR 2030","Pergunta"
"20037","governanca","A empresa realiza auditoria de ESG (Ambiental, Social e Governan�a), atendendo aos requisitos m�nimos estabelecidos para auditorias nessa �rea?",2,"Pr�ticas de controle e gest�o","Auditorias interna e externa - ITEM 7.3.3.3 DA PR 2030","Pergunta"
"20038","governanca","A empresa realiza auditorias de ESG (Ambiental, Social e Governan�a) de forma coordenada, com o engajamento ativo da alta dire��o?",3,"Pr�ticas de controle e gest�o","Auditorias interna e externa - ITEM 7.3.3.3 DA PR 2030","Pergunta"
"20039","governanca","A empresa realiza auditorias de ESG (Ambiental, Social e Governan�a) de forma coordenada, com o engajamento ativo da alta dire��o e  e usa os resultados para implementa��o de planos de a��o de melhoria?",4,"Pr�ticas de controle e gest�o","Auditorias interna e externa - ITEM 7.3.3.3 DA PR 2030","Pergunta"
"20040","governanca","A empresa comunica os resultados das auditorias de ESG com uma postura de total transpar�ncia, assegurando que as informa��es sejam divulgadas de maneira clara e acess�vel aos stakeholders relevantes?",5,"Pr�ticas de controle e gest�o","Auditorias interna e externa - ITEM 7.3.3.3 DA PR 2030","Pergunta"
"20041","governanca","A empresa identifica os requisitos legais aplic�veis e realiza uma avalia��o abrangente da conformidade com esses requisitos?",1,"Pr�ticas de controle e gest�o","Ambiente legal e regulat�rio - ITEM 7.3.3.4 DA PR 2030","Pergunta"
"20042","governanca","A empresa elabora e implementa planos de a��o estrat�gicos com o objetivo de garantir o cumprimento dos requisitos legais aplic�veis?",2,"Pr�ticas de controle e gest�o","Ambiente legal e regulat�rio- ITEM 7.3.3.4 DA PR 2030","Pergunta"
"20043","governanca","A empresa identifica e monitora as perdas associadas a multas e infra��es resultantes do descumprimento da regulamenta��o aplic�vel, realizando uma an�lise detalhada das causas-raiz para entender os fatores que contribu�ram para o n�o cumprimento?",3,"Pr�ticas de controle e gest�o","Ambiente legal e regulat�rio - ITEM 7.3.3.4 DA PR 2030","Pergunta"
"20044","governanca","A empresa elabora e implementa programas de compliance integrados aos seus planos de trabalho, assegurando que a conformidade com as normas e regulamenta��es seja uma parte essencial das suas opera��es di�rias?",4,"Pr�ticas de controle e gest�o","Ambiente legal e regulat�rio - ITEM 7.3.3.4 DA PR 2030","Pergunta"
"20045","governanca","A empresa acompanha de forma proativa as tend�ncias regulat�rias que possam afetar o neg�cio, mantendo-se atualizada sobre mudan�as nas leis, regulamenta��es e pol�ticas relevantes?",5,"Pr�ticas de controle e gest�o","Ambiente legal e regulat�rio - ITEM 7.3.3.4 DA PR 2030","Pergunta"
"20046","governanca","A empresa possui procedimentos b�sicos de gest�o da seguran�a da informa��o, que incluem pr�ticas essenciais para proteger dados e informa��es sens�veis? ",1,"Pr�ticas de controle e gest�o","Gest�o da seguran�a da informa��o - ITEM 7.3.3.5 DA PR 2030","Pergunta"
"20047","governanca","A empresa iniciou a implementa��o de a��es isoladas de seguran�a da informa��o, focando em medidas espec�ficas para abordar quest�es identificadas de forma pontual?",2,"Pr�ticas de controle e gest�o","Gest�o da seguran�a da informa��o - ITEM 7.3.3.5 DA PR 2030","Pergunta"
"20048","governanca","A empresa empreende a��es integradas de gest�o da seguran�a da informa��o, adotando uma abordagem coordenada e abrangente para proteger dados e informa��es sens�veis?",3,"Pr�ticas de controle e gest�o","Gest�o da seguran�a da informa��o - ITEM 7.3.3.5 DA PR 2030","Pergunta"
"20049","governanca","A empresa possui e executa uma pol�tica estruturada para a gest�o da seguran�a da informa��o, que fornece um framework abrangente e bem definido para proteger dados e informa��es sens�veis?",4,"Pr�ticas de controle e gest�o","Gest�o da seguran�a da informa��o - ITEM 7.3.3.5 DA PR 2030","Pergunta"
"20050","governanca","A pol�tica de seguran�a da informa��o da empresa envolve n�o apenas partes interessadas internas, mas tamb�m partes interessadas externas e toda a cadeia de valor?",5,"Pr�ticas de controle e gest�o","Gest�o da seguran�a da informa��o - ITEM 7.3.3.5 DA PR 2030","Pergunta"
"20051","governanca","A empresa possui procedimentos b�sicos para assegurar a privacidade de dados pessoais, implementando pr�ticas fundamentais de prote��o e gest�o desses dados?",1,"Pr�ticas de controle e gest�o","Privacidade de dados pessoais - ITEM 7.3.3.6 DA PR 2030","Pergunta"
"20052","governanca","A empresa come�ou a implementa��o de a��es isoladas para assegurar a privacidade de dados pessoais, focando em medidas espec�ficas para proteger essas informa��es sens�veis?",2,"Pr�ticas de controle e gest�o","Privacidade de dados pessoais - ITEM 7.3.3.6 DA PR 2030","Pergunta"
"20053","governanca","A empresa empreende a��es integradas para assegurar a privacidade de dados pessoais, adotando uma abordagem coordenada e abrangente para proteger essas informa��es sens�veis?",3,"Pr�ticas de controle e gest�o","Privacidade de dados pessoais - ITEM 7.3.3.6 DA PR 2030","Pergunta"
"20054","governanca","A empresa possui e executa uma pol�tica estruturada que assegura a privacidade de dados pessoais, abrangendo uma s�rie de pr�ticas e procedimentos para proteger essas informa��es sens�veis?",4,"Pr�ticas de controle e gest�o","Privacidade de dados pessoais - ITEM 7.3.3.6 DA PR 2030","Pergunta"
"20055","governanca","A pol�tica de privacidade de dados pessoais da empresa envolve n�o apenas partes interessadas internas, mas tamb�m partes interessadas externas e toda a cadeia de valor?",5,"Pr�ticas de controle e gest�o","Privacidade de dados pessoais - ITEM 7.3.3.6 DA PR 2030","Pergunta"
"20056","governanca","A empresa aborda o requisito de responsabiliza��o (presta��o de contas) de forma b�sica, implementando pr�ticas fundamentais para garantir a transpar�ncia e a responsabilidade em suas opera��es?",1,"Transpar�ncia na gest�o","Responsabiliza��o (presta��o de contas) - ITEM 7.3.4.1 DA PR 2030","Pergunta"
"20057","governanca","A empresa presta contas de sua atua��o de forma transparente, assegurando que todas as informa��es relevantes sobre suas opera��es e decis�es sejam divulgadas claramente aos stakeholders?",2,"Transpar�ncia na gest�o","Responsabiliza��o (presta��o de contas) - ITEM 7.3.4.1 DA PR 2030","Pergunta"
"20058","governanca","A empresa presta contas de sua atua��o de forma transparente e mant�m uma lista detalhada de responsabilidades por fun��o, garantindo que cada membro da equipe tenha clareza sobre suas atribui��es e obriga��es?",3,"Transpar�ncia na gest�o","Responsabiliza��o (presta��o de contas) - ITEM 7.3.4.1 DA PR 2030","Pergunta"
"20059","governanca","A empresa presta contas de sua atua��o de forma transparente, mant�m uma lista detalhada de responsabilidades por fun��o e estabelece metas e objetivos alinhados com seu planejamento estrat�gico?",4,"Transpar�ncia na gest�o","Responsabiliza��o (presta��o de contas) - ITEM 7.3.4.1 DA PR 2030","Pergunta"
"20060","governanca","A empresa presta contas de sua atua��o de forma transparente, possui uma lista detalhada de responsabilidades por fun��o e estabelece metas e objetivos conforme seu planejamento estrat�gico?",5,"Transpar�ncia na gest�o","Responsabiliza��o (presta��o de contas) - ITEM 7.3.4.1 DA PR 2030","Pergunta"
"20061","governanca","A empresa divulga informa��es ESG de forma isolada, apresentando dados e relat�rios relacionados a aspectos ambientais, sociais e de governan�a sem uma integra��o sistem�tica ou contexto abrangente?",1,"Transpar�ncia na gest�o","Relat�rios ESG, de sustentabilidade e/ou relato integrado - ITEM 7.3.4.2 DA PR 2030","Pergunta"
"20062","governanca","A empresa possui um relat�rio ESG, que detalha suas pr�ticas e desempenho nas �reas ambiental, social e de governan�a?",2,"Transpar�ncia na gest�o","Relat�rios ESG, de sustentabilidade e/ou relato integrado - ITEM 7.3.4.2 DA PR 2030","Pergunta"
"20063","governanca","A empresa possui um relat�rio ESG que � adequado � abrang�ncia do sistema ESG implementado?",3,"Transpar�ncia na gest�o","Relat�rios ESG, de sustentabilidade e/ou relato integrado - ITEM 7.3.4.2 DA PR 2030","Pergunta"
"20064","governanca","A empresa possui um relat�rio ESG que � adequado � abrang�ncia do sistema ESG implementado, incluindo uma descri��o detalhada de objetivos, metas e indicadores de desempenho?",4,"Transpar�ncia na gest�o","Relat�rios ESG, de sustentabilidade e/ou relato integrado - ITEM 7.3.4.2 DA PR 2030","Pergunta"
"20065","governanca","A empresa garante que seu relat�rio ESG abrange os objetivos, metas e indicadores de desempenho relevantes? Al�m disso, assegura que essas informa��es s�o confi�veis e rastre�veis por meio de verifica��es independentes de terceiros?",5,"Transpar�ncia na gest�o","Relat�rios ESG, de sustentabilidade e/ou relato integrado - ITEM 7.3.4.2 DA PR 2030","Pergunta"
"20066","governanca","% de conselheiros independentes no Conselho de Administração:",1,"Indicador Governança","Criterio Teste","Indicador"
"20067","governanca","% de mulheres como membros titulares no Conselho de Administração:",2,"Indicador Governança","Criterio Teste","Indicador"
"20068","governanca","% de pessoas negras como membros titulares no Conselho de Administração:",1,"Indicador Governança","Criterio Teste","Indicador"
"30001","social","A empresa realiza  mapeamento detalhado das organiza��es da sociedade civil que possuem sinergia com a empresa, seguido de uma an�lise aprofundada de suas principais demandas?",1,"Di�logo social e desenvolvimento territorial","Investimento Social Privado (ISP) - Item 7.2.1.1 da PR 2030","Pergunta"
"30002","social","A empresa incentiva para que os colaboradores da empresa fa�am doa��es �s organiza��es da sociedade civil por meio de voluntariado corporativo ou contribui��es financeiras, com a possibilidade de matching de doa��es, sempre que poss�vel?",2,"Di�logo social e desenvolvimento territorial","Investimento Social Privado (ISP) - Item 7.2.1.1 da PR 2030","Pergunta"
"30003","social","A empresa disponibiliza recursos financeiros, produtos e/ou servi�os para organiza��es da sociedade civil, visando apoiar a execu��o de seus projetos?",3,"Di�logo social e desenvolvimento territorial","Investimento Social Privado (ISP) - Item 7.2.1.1 da PR 2030","Pergunta"
"30004","social","A empresa disponibiliza bolsas de estudo, pr�mios ou fellowships para indiv�duos que se destacam em suas �reas de atua��o, mas que enfrentam restri��es financeiras?",4,"Di�logo social e desenvolvimento territorial","Investimento Social Privado (ISP) - Item 7.2.1.1 da PR 2030","Pergunta"
"30005","social","A empresa desenvolve e acompanha indicadores espec�ficos para monitorar as atividades de Investimento Social Privado (ISP)?",5,"Di�logo social e desenvolvimento territorial","Investimento Social Privado (ISP) - Item 7.2.1.1 da PR 2030","Pergunta"
"30006","social","A empresa desenvolve de um plano de comunica��o abrangente, tanto interno (para colaboradores) quanto externo (para partes interessadas), com o objetivo de garantir transpar�ncia nas decis�es da empresa?",1,"Di�logo social e desenvolvimento territorial","Di�logo e engajaento social - Item 7.2.1.2 da PR 2030","Pergunta"
"30007","social","A empresa realiza pesquisas, campanhas e entrevistas para obter um entendimento mais profundo sobre os stakeholders da empresa?",2,"Di�logo social e desenvolvimento territorial","Di�logo e engajaento social - Item 7.2.1.2 da PR 2030","Pergunta"
"30008","social","A empresa utiliza indicadores e estabelece metas relacionadas �s tem�ticas mais relevantes para as partes interessadas?",3,"Di�logo social e desenvolvimento territorial","Di�logo e engajaento social - Item 7.2.1.2 da PR 2030","Pergunta"
"30009","social","A empresa realiza promo��o de engajamento social por meio de reuni�es formais e informais, como confer�ncias, workshops, audi�ncias p�blicas, consultas e f�runs?",4,"Di�logo social e desenvolvimento territorial","Di�logo e engajaento social - Item 7.2.1.2 da PR 2030","Pergunta"
"30010","social","A empresa fomenta rela��o dos colaboradores com a comunica��o atrav�s de diversas a��es e campanhas?",5,"Di�logo social e desenvolvimento territorial","Di�logo e engajaento social - Item 7.2.1.2 da PR 2030","Pergunta"
"30011","social","A empresa participa de forma ativa na comunidade atrav�s de f�runs promovidos por representantes locais, como associa��es de moradores e grupos representativos?",1,"Di�logo social e desenvolvimento territorial","Impacto social - Item 7.2.1.3 da PR 2030","Pergunta"
"30012","social","A empresa identifica formadores de opini�o, partes interessadas e agentes p�blicos, garantindo que todas as partes interessadas tenham representa��o adequada?",2,"Di�logo social e desenvolvimento territorial","Impacto social - Item 7.2.1.3 da PR 2030","Pergunta"
"30013","social","A empresa desenvolve plano estrat�gico para mitigar impactos negativos e potencializar impactos positivos na comunidade do entorno?",3,"Di�logo social e desenvolvimento territorial","Impacto social - Item 7.2.1.3 da PR 2030","Pergunta"
"30014","social","A empresa capacita a comunidade local para que possam se tornar parceiros fornecedores, colaboradores ou consumidores?",4,"Di�logo social e desenvolvimento territorial","Impacto social - Item 7.2.1.3 da PR 2030","Pergunta"
"30015","social","A empresa prioriza aquisi��o de produtos e servi�os de fornecedores locais?",5,"Di�logo social e desenvolvimento territorial","Impacto social - Item 7.2.1.3 da PR 2030","Pergunta"
"30016","social","A empresa atualmente possui iniciativas n�o estruturadas relacionadas aos direitos humanos?",1,"Direitos humanos","RESPEITO AOS DIREITOS HUMANOS - ITEM 7.2.2.1 DA PR 2030","Pergunta"
"30017","social","A empresa est� ciente dos pontos cr�ticos do neg�cio relacionados aos direitos humanos e, atualmente, adota uma abordagem reativa?",2,"Direitos humanos","RESPEITO AOS DIREITOS HUMANOS - ITEM 7.2.2.1 DA PR 2030","Pergunta"
"30018","social","A empresa est� ciente dos pontos cr�ticos do neg�cio e adota uma abordagem proativa, assegurando o comprometimento da alta dire��o com os direitos humanos?",3,"Direitos humanos","RESPEITO AOS DIREITOS HUMANOS - ITEM 7.2.2.1 DA PR 2030","Pergunta"
"30019","social","A empresa est� ciente dos pontos cr�ticos do neg�cio e adota uma abordagem proativa, assegurando o comprometimento da alta dire��o com os direitos humanos (DH). Al�m disso, a empresa estabelece metas claras e mensur�veis relacionadas aos DH, monitora regularmente os indicadores de desempenho nessa �rea e mant�m canais de den�ncia acess�veis e confidenciais para que colaboradores e outras partes interessadas possam reportar quaisquer viola��es ou preocupa��es?",4,"Direitos humanos","RESPEITO AOS DIREITOS HUMANOS - ITEM 7.2.2.1 DA PR 2030","Pergunta"
"30020","social","A empresa est� ciente dos pontos cr�ticos do neg�cio e adota uma abordagem proativa, assegurando o comprometimento da alta dire��o com os direitos humanos (DH). Al�m disso, a empresa estabelece metas claras e mensur�veis relacionadas aos DH, monitora regularmente os indicadores de desempenho nessa �rea e mant�m canais de den�ncia acess�veis e confidenciais para que colaboradores e outras partes interessadas possam reportar quaisquer viola��es ou preocupa��es. A empresa tamb�m integra considera��es de DH em suas rela��es comerciais, garantindo que seus parceiros e fornecedores tamb�m estejam alinhados com esses princ�pios?",5,"Direitos humanos","RESPEITO AOS DIREITOS HUMANOS - ITEM 7.2.2.1 DA PR 2030","Pergunta"
"30021","social","A empresa cumpre rigorosamente as exig�ncias da legisla��o trabalhista no que diz respeito ao combate ao trabalho for�ado ou compuls�rio?",1,"Direitos humanos","COMBATE AO TRABALHO FOR�ADO OU COMPULS�RIO - ITEM 7.2.2.2 DA PR 2030","Pergunta"
"30022","social","A empresa cumpre rigorosamente as exig�ncias da legisla��o trabalhista e os princ�pios estabelecidos pela empresa Internacional do Trabalho (OIT)?",2,"Direitos humanos","COMBATE AO TRABALHO FOR�ADO OU COMPULS�RIO - ITEM 7.2.2.2 DA PR 2030","Pergunta"
"30023","social","A empresa cumpre rigorosamente as exig�ncias da legisla��o trabalhista e os princ�pios estabelecidos pela empresa Internacional do Trabalho (OIT). Al�m disso, avalia continuamente a situa��o atual de suas opera��es e de sua cadeia de valor para garantir a conformidade e a melhoria cont�nua?",3,"Direitos humanos","COMBATE AO TRABALHO FOR�ADO OU COMPULS�RIO - ITEM 7.2.2.2 DA PR 2030","Pergunta"
"30024","social","A empresa cumpre rigorosamente as exig�ncias da legisla��o trabalhista e os princ�pios estabelecidos pela empresa Internacional do Trabalho (OIT), avaliando continuamente a situa��o atual de suas opera��es e de sua cadeia de valor. Al�m disso, a empresa monitora regularmente as a��es implementadas para garantir a conformidade e a melhoria cont�nua?",4,"Direitos humanos","COMBATE AO TRABALHO FOR�ADO OU COMPULS�RIO - ITEM 7.2.2.2 DA PR 2030","Pergunta"
"30025","social","A empresa cumpre rigorosamente as exig�ncias da legisla��o trabalhista e os princ�pios estabelecidos pela empresa Internacional do Trabalho (OIT), avaliando continuamente a situa��o atual de suas opera��es e de sua cadeia de valor. Al�m disso, a empresa monitora regularmente as a��es implementadas e oferece treinamentos aos trabalhadores para garantir o cumprimento das pol�ticas estabelecidas?",5,"Direitos humanos","COMBATE AO TRABALHO FOR�ADO OU COMPULS�RIO - ITEM 7.2.2.2 DA PR 2030","Pergunta"
"30026","social","A empresa n�o emprega trabalhadores infantis, cumprindo rigorosamente as leis e regulamentos trabalhistas?",1,"Direitos humanos","COMBATE AO TRABALHO INFANTIL - ITEM 7.2.2.3 DA PR 2030","Pergunta"
"30027","social","A empresa n�o emprega trabalhadores infantis e realiza um mapeamento detalhado de sua cadeia de valor para identificar opera��es que possam apresentar riscos de ocorr�ncia de trabalho infantil?",2,"Direitos humanos","COMBATE AO TRABALHO INFANTIL - ITEM 7.2.2.3 DA PR 2030","Pergunta"
"30028","social","A empresa n�o emprega trabalhadores infantis e realiza um mapeamento detalhado de sua cadeia de valor para identificar opera��es que possam apresentar riscos de ocorr�ncia de trabalho infantil. Al�m disso, possui um sistema de gest�o robusto que monitora continuamente as atividades da cadeia de valor, implementando pol�ticas claras e rigorosas de combate ao trabalho infantil?",3,"Direitos humanos","COMBATE AO TRABALHO INFANTIL - ITEM 7.2.2.3 DA PR 2030","Pergunta"
"30029","social","A empresa n�o emprega trabalhadores infantis e realiza um mapeamento detalhado de sua cadeia de valor para identificar opera��es que possam apresentar riscos de ocorr�ncia de trabalho infantil. Al�m disso, possui um sistema de gest�o robusto que monitora continuamente as atividades da cadeia de valor, implementando pol�ticas claras e rigorosas de combate ao trabalho infantil. A empresa tamb�m inclui cl�usulas espec�ficas sobre a proibi��o do trabalho infantil em seus contratos com parceiros e fornecedores, refor�ando seu compromisso com a prote��o dos direitos das crian�as?",4,"Direitos humanos","COMBATE AO TRABALHO INFANTIL - ITEM 7.2.2.3 DA PR 2030","Pergunta"
"30030","social","A empresa n�o emprega trabalhadores infantis e realiza um mapeamento detalhado de sua cadeia de valor para identificar opera��es que possam apresentar riscos de ocorr�ncia de trabalho infantil. Al�m disso, possui um sistema de gest�o robusto que monitora continuamente as atividades da cadeia de valor, implementando pol�ticas claras e rigorosas de combate ao trabalho infantil. A empresa tamb�m inclui cl�usulas espec�ficas sobre a proibi��o do trabalho infantil em seus contratos com parceiros e fornecedores, e participa ativamente de campanhas p�blicas para promover a erradica��o do trabalho infantil?",5,"Direitos humanos","COMBATE AO TRABALHO INFANTIL - ITEM 7.2.2.3 DA PR 2030","Pergunta"
"30031","social","A empresa atualmente n�o possui pol�ticas de diversidade e equidade?",1,"Diversidade, equidade e inclus�o","POL�TICAS E PR�TICAS DE DIVERSIDADE E EQUIDADE - ITEM 7.2.3.1 DA PR 2030","Pergunta"
"30032","social","A empresa atualmente n�o possui pol�ticas formais de diversidade e equidade, mas se esfor�a para promover um ambiente de respeito e inclus�o para todos?",2,"Diversidade, equidade e inclus�o","POL�TICAS E PR�TICAS DE DIVERSIDADE E EQUIDADE - ITEM 7.2.3.1 DA PR 2030","Pergunta"
"30033","social","A empresa possui pol�ticas de diversidade e equidade, demonstrando um forte compromisso institucional com esses valores?",3,"Diversidade, equidade e inclus�o","POL�TICAS E PR�TICAS DE DIVERSIDADE E EQUIDADE - ITEM 7.2.3.1 DA PR 2030","Pergunta"
"30034","social","A empresa possui pol�ticas de diversidade e equidade, demonstrando um forte compromisso institucional com esses valores. Al�m disso, estabelece objetivos estrat�gicos claros e desenvolve planos de a��o detalhados para alcan��-los?",4,"Diversidade, equidade e inclus�o","POL�TICAS E PR�TICAS DE DIVERSIDADE E EQUIDADE - ITEM 7.2.3.1 DA PR 2030","Pergunta"
"30035","social","A empresa possui pol�ticas de diversidade e equidade, demonstrando um forte compromisso institucional com esses valores. Al�m disso, estabelece objetivos estrat�gicos claros e desenvolve planos de a��o detalhados para alcan��-los. A empresa tamb�m implementa uma estrat�gia de comunica��o interna e externa para divulgar e promover esses temas, garantindo que todos os colaboradores e partes interessadas estejam cientes e engajados com as iniciativas de diversidade e equidade?",5,"Diversidade, equidade e inclus�o","POL�TICAS E PR�TICAS DE DIVERSIDADE E EQUIDADE - ITEM 7.2.3.1 DA PR 2030","Pergunta"
"30036","social","A empresa atualmente promove a inclus�o de forma b�sica?",1,"Diversidade, equidade e inclus�o","CULTURA E PROMO��O DE INCLUS�O - ITEM 7.2.3.2 DA PR 2030","Pergunta"
"30037","social","A empresa promove a inclus�o por meio de sua lideran�a, que est� comprometida em criar um ambiente de trabalho diversificado e acolhedor?",2,"Diversidade, equidade e inclus�o","CULTURA E PROMO��O DE INCLUS�O - ITEM 7.2.3.2 DA PR 2030","Pergunta"
"30038","social","A empresa promove a inclus�o de forma estrutural por meio de uma pol�tica abrangente de diversidade e inclus�o?",3,"Diversidade, equidade e inclus�o","CULTURA E PROMO��O DE INCLUS�O - ITEM 7.2.3.2 DA PR 2030","Pergunta"
"30039","social","A empresa promove a inclus�o de forma estrutural por meio de uma pol�tica abrangente de diversidade e inclus�o. Al�m disso, possui um programa de diversidade implementado, que inclui metas claras, treinamentos regulares e iniciativas cont�nuas para garantir um ambiente de trabalho acolhedor e equitativo para todos?",4,"Diversidade, equidade e inclus�o","CULTURA E PROMO��O DE INCLUS�O - ITEM 7.2.3.2 DA PR 2030","Pergunta"
"30040","social","A empresa promove a inclus�o de forma estrutural por meio de uma pol�tica abrangente de diversidade e inclus�o. Al�m disso, possui um programa de diversidade implementado que promove a��es afirmativas?",5,"Diversidade, equidade e inclus�o","CULTURA E PROMO��O DE INCLUS�O - ITEM 7.2.3.2 DA PR 2030","Pergunta"
"30041","social","A empresa atualmente n�o promove o desenvolvimento profissional de seus trabalhadores?",1,"Rela��es e pr�ticas de trabalho","DESENVOLVIMENTO PROFISSIONAL - ITEM 7.2.4.1 DA PR 2030","Pergunta"
"30042","social","A empresa contribui para o desenvolvimento profissional de seus colaboradores por meio de a��es espec�ficas?",2,"Rela��es e pr�ticas de trabalho","DESENVOLVIMENTO PROFISSIONAL - ITEM 7.2.4.1 DA PR 2030","Pergunta"
"30043","social","A empresa contribui para o desenvolvimento profissional de seus colaboradores atrav�s de uma pol�tica espec�fica?",3,"Rela��es e pr�ticas de trabalho","DESENVOLVIMENTO PROFISSIONAL - ITEM 7.2.4.1 DA PR 2030","Pergunta"
"30044","social","A empresa contribui para o desenvolvimento profissional de seus colaboradores atrav�s de uma pol�tica espec�fica e de um programa implementado com objetivos e metas?",4,"Rela��es e pr�ticas de trabalho","DESENVOLVIMENTO PROFISSIONAL - ITEM 7.2.4.1 DA PR 2030","Pergunta"
"30045","social","A empresa contribui para o desenvolvimento profissional atrav�s de uma pol�tica espec�fica e de um programa que envolve tanto os colaboradores quanto os membros das comunidades afetadas?",5,"Rela��es e pr�ticas de trabalho","DESENVOLVIMENTO PROFISSIONAL - ITEM 7.2.4.1 DA PR 2030","Pergunta"
"30046","social","A empresa contribui atendendo aos requisitos legais relacionados �s suas atividades?",1,"Rela��es e pr�ticas de trabalho","SA�DE E SEGURAN�A OCUPACIONAL - ITEM 7.2.4.2 DA PR 2030","Pergunta"
"30047","social","A empresa contribui realizando an�lises de riscos de Sa�de e Seguran�a Ocupacional (SSO) e implementando a��es de controle e monitoramento para tornar os riscos aceit�veis?",2,"Rela��es e pr�ticas de trabalho","SA�DE E SEGURAN�A OCUPACIONAL - ITEM 7.2.4.2 DA PR 2030","Pergunta"
"30048","social","A empresa contribui realizando a��es de conscientiza��o da for�a de trabalho?",3,"Rela��es e pr�ticas de trabalho","SA�DE E SEGURAN�A OCUPACIONAL - ITEM 7.2.4.2 DA PR 2030","Pergunta"
"30049","social","A empresa contribui incentivando a participa��o direta da for�a de trabalho na gest�o de Sa�de e Seguran�a Ocupacional (SSO), visando promover seu engajamento?",4,"Rela��es e pr�ticas de trabalho","SA�DE E SEGURAN�A OCUPACIONAL - ITEM 7.2.4.2 DA PR 2030","Pergunta"
"30050","social","A empresa contribui assumindo protagonismo nas quest�es de SSO por meio de sua Alta Dire��o?",5,"Rela��es e pr�ticas de trabalho","SA�DE E SEGURAN�A OCUPACIONAL - ITEM 7.2.4.2 DA PR 2030","Pergunta"
"30051","social","A empresa contribui com iniciativas voltadas para a qualidade de vida e sa�de mental dos trabalhadores?",1,"Rela��es e pr�ticas de trabalho","QUALIDADE DE VIDA - ITEM 7.2.4.3 DA PR 2030","Pergunta"
"30052","social","A empresa contribui promovendo a��es pontuais de melhoria da qualidade de vida e da sa�de mental dos trabalhadores?",2,"Rela��es e pr�ticas de trabalho","QUALIDADE DE VIDA - ITEM 7.2.4.3 DA PR 2030","Pergunta"
"30053","social","A empresa contribui promovendo a participa��o dos trabalhadores para identificar suas percep��es sobre qualidade de vida e sa�de mental, al�m de realizar a��es de conscientiza��o?",3,"Rela��es e pr�ticas de trabalho","QUALIDADE DE VIDA - ITEM 7.2.4.3 DA PR 2030","Pergunta"
"30054","social","A empresa contribui com um programa de acompanhamento e apoio aos trabalhadores, visando a promo��o da qualidade de vida e sa�de mental?",4,"Rela��es e pr�ticas de trabalho","QUALIDADE DE VIDA - ITEM 7.2.4.3 DA PR 2030","Pergunta"
"30055","social","A empresa contribui estimulando e formando l�deres capazes de entender a import�ncia e promover a qualidade de vida e sa�de mental dos trabalhadores?",5,"Rela��es e pr�ticas de trabalho","QUALIDADE DE VIDA - ITEM 7.2.4.3 DA PR 2030","Pergunta"
"30056","social","A empresa est� em conformidade com a legisla��o relativa � liberdade de associa��o?",1,"Rela��es e pr�ticas de trabalho","LIBERDADE DE ASSOCIA��O - ITEM 7.2.4.4 DA PR 2030","Pergunta"
"30057","social","A empresa apoia e facilita a atua��o das organiza��es representativas dos trabalhadores?",2,"Rela��es e pr�ticas de trabalho","LIBERDADE DE ASSOCIA��O - ITEM 7.2.4.4 DA PR 2030","Pergunta"
"30058","social","A empresa mant�m di�logo com as entidades representativas dos trabalhadores?",3,"Rela��es e pr�ticas de trabalho","LIBERDADE DE ASSOCIA��O - ITEM 7.2.4.4 DA PR 2030","Pergunta"
"30059","social","A empresa adota uma abordagem proativa no relacionamento com as organiza��es representativas dos trabalhadores?",4,"Rela��es e pr�ticas de trabalho","LIBERDADE DE ASSOCIA��O - ITEM 7.2.4.4 DA PR 2030","Pergunta"
"30060","social","A empresa leva em considera��o os resultados das intera��es com as organiza��es representativas dos trabalhadores ao tomar suas decis�es estrat�gicas?",5,"Rela��es e pr�ticas de trabalho","LIBERDADE DE ASSOCIA��O - ITEM 7.2.4.4 DA PR 2030","Pergunta"
"30061","social","A empresa implementa iniciativas b�sicas de pol�tica de remunera��o ou benef�cios?",1,"Rela��es e pr�ticas de trabalho","POL�TICA DE REMUNERA��O E BENEF�CIOS - ITEM 7.2.4.5 DA PR 2030","Pergunta"
"30062","social","A empresa est� implementando uma nova pol�tica de remunera��o e benef�cios, com o objetivo de alinhar as pr�ticas de compensa��o com as melhores pr�ticas do setor e as necessidades dos colaboradores?",2,"Rela��es e pr�ticas de trabalho","POL�TICA DE REMUNERA��O E BENEF�CIOS - ITEM 7.2.4.5 DA PR 2030","Pergunta"
"30063","social","A empresa possui uma pol�tica de remunera��o e benef�cios j� implementada e, sempre que vi�vel, busca oferecer compensa��es superiores � m�dia de mercado? ",3,"Rela��es e pr�ticas de trabalho","POL�TICA DE REMUNERA��O E BENEF�CIOS - ITEM 7.2.4.5 DA PR 2030","Pergunta"
"30064","social","A empresa adota pr�ticas de remunera��o e benef�cios equitativos para os trabalhadores, assegurando que todos recebam sal�rios justos e competitivos, alinhados com as responsabilidades e habilidades de cada fun��o?",4,"Rela��es e pr�ticas de trabalho","POL�TICA DE REMUNERA��O E BENEF�CIOS - ITEM 7.2.4.5 DA PR 2030","Pergunta"
"30065","social","A empresa considera a pol�tica de remunera��o e benef�cios como um assunto estrat�gico, estabelecendo metas de desempenho claras e objetivas para toda a for�a de trabalho?",5,"Rela��es e pr�ticas de trabalho","POL�TICA DE REMUNERA��O E BENEF�CIOS - ITEM 7.2.4.5 DA PR 2030","Pergunta"
"30066","social","A empresa cumpre rigorosamente os requisitos legais relacionados aos direitos do consumidor, garantindo que todas as suas pr�ticas comerciais estejam em conformidade com as regulamenta��es vigentes?",1,"Promo��o de responsabilidade social na cadeia de valor","RELACIONAMENTO COM CONSUMIDORES E CLIENTES - ITEM 7.2.5.1 DA PR 2030","Pergunta"
"30067","social","A empresa adota uma postura transparente ao disponibilizar informa��es detalhadas e precisas sobre seus produtos e servi�os aos clientes e consumidores. Isso inclui descri��es completas, especifica��es t�cnicas, instru��es de uso, informa��es sobre a origem dos produtos e pr�ticas de produ��o, al�m de dados sobre a sustentabilidade e o impacto ambiental?",2,"Promo��o de responsabilidade social na cadeia de valor","RELACIONAMENTO COM CONSUMIDORES E CLIENTES - ITEM 7.2.5.1 DA PR 2030","Pergunta"
"30068","social","A empresa mant�m canais de comunica��o abertos e eficazes com clientes e consumidores, visando atender de forma eficiente �s suas necessidades e expectativas. Esses canais incluem atendimento telef�nico, e-mail, chat online, redes sociais e um portal de atendimento ao cliente em seu website, garantindo que os consumidores possam entrar em contato de maneira conveniente e r�pida.?",3,"Promo��o de responsabilidade social na cadeia de valor","RELACIONAMENTO COM CONSUMIDORES E CLIENTES - ITEM 7.2.5.1 DA PR 2030","Pergunta"
"30069","social","A empresa promove o desenvolvimento de produtos e servi�os levando em considera��o aspectos sustent�veis, integrando pr�ticas ecol�gicas em todas as etapas do ciclo de vida dos produtos, desde a concep��o at� o descarte?",4,"Promo��o de responsabilidade social na cadeia de valor","RELACIONAMENTO COM CONSUMIDORES E CLIENTES - ITEM 7.2.5.1 DA PR 2030","Pergunta"
"30070","social","A empresa adota uma atitude proativa e de protagonismo nas suas rela��es com clientes e consumidores, antecipando suas necessidades e oferecendo solu��es inovadoras e personalizadas. Isso inclui a implementa��o de programas de fidelidade, a cria��o de campanhas de marketing direcionadas, e a oferta de suporte t�cnico e consultoria especializada?",5,"Promo��o de responsabilidade social na cadeia de valor","RELACIONAMENTO COM CONSUMIDORES E CLIENTES - ITEM 7.2.5.1 DA PR 2030","Pergunta"
"30071","social","A empresa est� elaborando uma pol�tica de relacionamento com fornecedores, visando estabelecer parcerias s�lidas e transparentes que promovam a qualidade, a sustentabilidade e a �tica em toda a cadeia de suprimentos?",1,"Promo��o de responsabilidade social na cadeia de valor","RELACIONAMENTO COM FORNECEDORES - ITEM 7.2.5.2 DA PR 2030","Pergunta"
"30072","social","A empresa implementa uma comunica��o ativa e cont�nua com seus fornecedores, garantindo que todas as partes estejam alinhadas com os objetivos e valores da empresa?",2,"Promo��o de responsabilidade social na cadeia de valor","RELACIONAMENTO COM FORNECEDORES - ITEM 7.2.5.2 DA PR 2030","Pergunta"
"30073","social","A empresa possui um rigoroso processo de qualifica��o de fornecedores que considera o atendimento aos requisitos da legisla��o trabalhista?",3,"Promo��o de responsabilidade social na cadeia de valor","RELACIONAMENTO COM FORNECEDORES - ITEM 7.2.5.2 DA PR 2030","Pergunta"
"30074","social","A empresa possui uma pol�tica que favorece e monitora fornecedores com as melhores pr�ticas de responsabilidade social?",4,"Promo��o de responsabilidade social na cadeia de valor","RELACIONAMENTO COM FORNECEDORES - ITEM 7.2.5.2 DA PR 2030","Pergunta"
"30075","social","A empresa incentiva seus fornecedores a assumir uma postura de protagonismo junto � sociedade, incentivando-os a adotar compromissos p�blicos com a responsabilidade social?",5,"Promo��o de responsabilidade social na cadeia de valor","RELACIONAMENTO COM FORNECEDORES - ITEM 7.2.5.2 DA PR 2030","Pergunta"
"30076","social","Horas de treinamento/funcionÃ¡rio por ano:",1,"Indicador Governança","Criterio Teste","Indicador"
"30077","social","Taxa de rotatividade (%) por ano:",2,"Indicador Governança","Criterio Teste","Indicador"
"30078","social","Diversidade de gÃªnero anual (%):",3,"Indicador Governança","Criterio Teste","Indicador"
"30079","social","Quantidade de acidentes e lesÃµes anual (colaborador/ano):",4,"Indicador Governança","Criterio Teste","Indicador"
"30080","social","Quantidade de acidentes com afastamento anual (colaborador/ano):",5,"Indicador Governança","Criterio Teste","Indicador"
"30081","social","CapacitaÃ§Ã£o de fornecedores em questÃµes socioambientais e de direitos humanos durante o ano (% volume de contratos):",6,"Indicador Governança","Criterio Teste","Indicador"
"30082","social","Investimentos em projetos de desenvolvimento das comunidades por ano (R$):",7,"Indicador Governança","Criterio Teste","Indicador"
"50001","registration","Nome da Empresa: (GenÃ©rico informado pelo pesquisador)",1,"Registration","Registration","Registration"
"50002","registration","Atividade da empresa:",2,"Registration","Registration","Registration"
"50003","registration","Estado da empresa:",3,"Registration","Registration","Registration"
"50004","registration","Cidade da empresa:",4,"Registration","Registration","Registration"
